dataset,method,wer,cer,num_samples
librispeech_test_other,greedy,0.11219750672207285,0.038127997674531275,200
librispeech_test_other,beam,0.1107308726472745,0.03769197228816433,200
