temperature,wer,cer,num_samples
0.5,0.11219750672207285,0.038127997674531275,200
0.8,0.11219750672207285,0.038127997674531275,200
1.0,0.11219750672207285,0.038127997674531275,200
1.2,0.11219750672207285,0.038127997674531275,200
1.5,0.11219750672207285,0.038127997674531275,200
2.0,0.11219750672207285,0.038127997674531275,200
